{"r_rmse": 2.3505565969908537, "r_mae": 0.892596003210083, "t_rmse": 0.02131844498217106, "t_mae": 0.008668279275298119, "err_r_deg_mean": 1.7120563983917236, "err_r_deg_rmse": 3.939646005630493, "err_t_mean": 0.018251948058605194, "err_t_rmse": 0.03692463040351868, "chamfer_dist": 0.0008449650485999882}